{"enable": [true, true, true, true, false, false, false, false, false, false, false, false, false, false, false], "freq": [5, 11, 21, 31, 0, 0, 0, 0, 0, 0, 0, 0, 0, 0, 0], "magnitude": [0.30000001192092896, 1.0, 0.6800000071525574, 0.4300000071525574, 0.25, 0.25, 0.25, 0.25, 0.25, 0.25, 0.25, 0.25, 0.25, 0.25, 0.25], "phase": [-0.628000020980835, 0.7950000166893005, -1.4980000257492065, -1.1979999542236328, 0.0, 0.0, 0.0, 0.0, 0.0, 0.0, 0.0, 0.0, 0.0, 0.0, 0.0], "scale": 0.8500000238418579}