{"enable": [true, true, true, true, false, false, false, false, false, false, false, false, false, false, false], "freq": [7, 13, 21, 31, 0, 0, 0, 0, 0, 0, 0, 0, 0, 0, 0], "magnitude": [0.30000001192092896, 1.0, 0.6800000071525574, 0.4300000071525574, 0.25, 0.25, 0.25, 0.25, 0.25, 0.25, 0.25, 0.25, 0.25, 0.25, 0.25], "phase": [1.5399999618530273, -1.5329999923706055, -0.9879999756813049, 1.6059999465942383, 0.0, 0.0, 0.0, 0.0, 0.0, 0.0, 0.0, 0.0, 0.0, 0.0, 0.0], "scale": 0.8500000238418579}