{"enable": [true, true, true, true, false, false, false, false, false, false, false, false, false, false, false], "freq": [11, 21, 31, 37, 0, 0, 0, 0, 0, 0, 0, 0, 0, 0, 0], "magnitude": [0.30000001192092896, 1.0, 0.6729999780654907, 0.4259999990463257, 0.25, 0.25, 0.25, 0.25, 0.25, 0.25, 0.25, 0.25, 0.25, 0.25, 0.25], "phase": [-0.4950000047683716, -2.385999917984009, -1.1670000553131104, -0.8640000224113464, 0.0, 0.0, 0.0, 0.0, 0.0, 0.0, 0.0, 0.0, 0.0, 0.0, 0.0], "scale": 0.8500000238418579}