{"enable": [true, true, true, true, false, false, false, false, false, false, false, false, false, false, false], "freq": [7, 11, 21, 31, 0, 0, 0, 0, 0, 0, 0, 0, 0, 0, 0], "magnitude": [0.30000001192092896, 1.0, 0.6800000071525574, 0.4300000071525574, 0.25, 0.25, 0.25, 0.25, 0.25, 0.25, 0.25, 0.25, 0.25, 0.25, 0.25], "phase": [-2.499, -0.629, -2.388, -1.117, 0.0, 0.0, 0.0, 0.0, 0.0, 0.0, 0.0, 0.0, 0.0, 0.0, 0.0], "scale": 0.8500000238418579}